{"0":0.01247953074625532,"1":0.005963306569895261,"2":0.005344677399370751,"3":0.01107769385708666,"4":0.006673189542207702,"5":0.004443907065770931,"6":0.003125168089923974,"7":0.0059636355610138345,"8":0.009025717409555349,"9":0.006642730172319598,"10":0.014175527086107689,"11":0.011581230252711829,"12":0.013880897432155086,"13":0.009948169948434463,"14":0.021472526624662557,"15":0.007864598394924377,"16":0.01660121401070053,"17":0.013309753927001438,"18":0.01071832386351423,"19":0.019197853757171854,"20":0.00462758991829684,"21":0.006214833283507016,"22":0.008886129753228071,"23":0.0021028656921677907,"24":0.013659757331619048,"25":0.0122895700335276,"26":0.008162636058993289,"27":0.0030061770352759597,"28":0.011042338907859333,"29":0.008957488704800022,"30":0.010800215912038653,"31":0.0051752801134670985,"32":0.009316327765731356,"33":0.00835792671090441,"34":0.008737578558886315,"35":0.01929140603156347,"36":0.0028004000895681617,"37":0.006706515167210288,"38":0.019204437434395212,"39":0.0069417070925334515,"40":0.01159871442467652,"41":0.013853823466512552,"42":0.008544322979676049,"43":0.013575653947730977,"44":0.011203391768414584,"45":0.011313536186684613,"46":0.010348726236742106,"47":0.016518661439919383,"48":0.007782022553650986,"49":0.009012073192306198,"50":0.01043113244460616,"51":0.0098431652494215,"52":0.011644927002749402,"53":0.01117173221783201,"54":0.008945837128811343,"55":0.012807001149738909,"56":0.008093677238533277,"57":0.0025922966798599665,"58":0.01492146641933577,"59":0.010245684643165921,"60":0.0057696047433356745,"61":0.010448792728961313,"62":0.0066429774990883605,"63":0.00797183349138253,"64":0.00802608895889874,"65":0.0031111316746891948,"66":0.013033637507254716,"67":0.014481082343478412,"68":0.007955769480350922,"69":0.009272918785190662,"70":0.013742179971458586,"71":0.008394896157274866,"72":0.006761305735496722,"73":0.01562017513427139,"74":0.01252863058128941,"75":0.01667712087042538,"76":0.00540921100258077,"77":0.009444850487244737,"78":0.004651227604627762,"79":0.007565212182187412,"80":0.00518689886828416,"81":0.014045879706586946,"82":0.008884885585241201,"83":0.009696231241760342,"84":0.008482703428537382,"85":0.014967395517134397,"86":0.010334827699949947,"87":0.010490652108518848,"88":0.017470552592728273,"89":0.00823239914836901,"90":0.007424525940499844,"91":0.009255433355047154,"92":0.00673659379848719,"93":0.02171096513336803,"94":0.010792117459657701,"95":0.009558299282709834,"96":0.009942340684597824,"97":0.0036139213727061307,"98":0.011198634138887494,"99":0.016864250784791777,"100":0.006077716806119241,"101":0.006335112578371257,"102":0.00566949374379623,"103":0.005230981894365779,"104":0.012453708623872038,"105":0.010159232420080837,"106":0.010440497953329754,"107":0.018199992650662054,"108":0.017923988963202513,"109":0.008735195313464462,"110":0.008697686594082333,"111":0.017364470971766792,"112":0.008433476383188289,"113":0.007337082749268694,"114":0.006375088355889674,"115":0.012952676846705948,"116":0.014802183520468927,"117":0.01797168021400003,"118":0.008306151933494302,"119":0.013530244218105954,"120":0.010889498563683353,"121":0.00359875386806355,"122":0.01570797882371401,"123":0.004493577103718886,"124":0.014640941243934376,"125":0.006520613334521707,"126":0.005134377304081788,"127":0.0027560814641394873,"128":0.012168691859716172,"129":0.00630973041889646,"130":0.003331265877363755,"131":0.005613537863075379,"132":0.012557124449330107,"133":0.0033594487150944356,"134":0.009941602072610663,"135":0.00581984726806527,"136":0.008244393075823466,"137":0.008730149008499388,"138":0.01333741028125823,"139":0.009327210103850243,"140":0.013929483111026205,"141":0.009933747120852968,"142":0.006056355162645019,"143":0.007644370943453575,"144":0.0034159644553943273,"145":0.014071877543751185,"146":0.012223058743946188,"147":0.008152910142079101,"148":0.004303380106693877,"149":0.010674102869804183,"150":0.008196130874569161,"151":0.00845089512075993,"152":0.006299905715423101,"153":0.014411671535213048,"154":0.009295985719095089,"155":0.008015836622058129,"156":0.009787749566782303,"157":0.0037016738550369466,"158":0.005818325982812808,"159":0.010390833368677015,"160":0.006315426071438195,"161":0.015095744153936016,"162":0.009339213662306202,"163":0.0027527942125370065,"164":0.008526233976061028,"165":0.012964711702027905,"166":0.01570261781957493,"167":0.007811197216257205,"168":0.011249952926433632,"169":0.017238927392151607,"170":0.020907230287983778,"171":0.007717405359649192,"172":0.018689283026379483,"173":0.019511755386279524,"174":0.02012762046036978,"175":0.005566410811942039,"176":0.017864169618624526,"177":0.007350721047099608,"178":0.011414750801855151,"179":0.010338317509690938,"180":0.011670572405669148,"181":0.007501830965146848,"182":0.007709063950305027,"183":0.007955770604655632,"184":0.008457279809791975,"185":0.011749407989927014,"186":0.014593122770969295,"187":0.013943567751990519,"188":0.006413112519012457,"189":0.011202737029920437,"190":0.019313098675210624,"191":0.008034824046730824,"192":0.019252819309960416,"193":0.01199289722038175,"194":0.009689289932732468,"195":0.010010469437118499,"196":0.007460279305222722,"197":0.009780196627043283,"198":0.008743702626503494,"199":0.014651111316655014,"200":0.004824674146507361,"201":0.010300613220511677,"202":0.005685450121660603,"203":0.002482210572757913,"204":0.008286652018826939,"205":0.022474282141610225,"206":0.00776538409389287,"207":0.01103493314539066,"208":0.015938270132892347,"209":0.010197429707696966,"210":0.006000035488995381,"211":0.010509488946437167,"212":0.00920687778877479,"213":0.010279411492922476,"214":0.013568066050557206,"215":0.009829517856861007,"216":0.006747916885487027,"217":0.0040193790098574135,"218":0.005404732253428215,"219":0.004248007707685978,"220":0.010222011964531914,"221":0.010251447242088846,"222":0.010934422301056559,"223":0.008422338961699102,"224":0.0060485027663707775,"225":0.014839044562566153,"226":0.007233934652806095,"227":0.00947392699435539,"228":0.011735716080190072,"229":0.006222669806688195,"230":0.006069550801120566,"231":0.008322405421357447,"232":0.018108457685375876,"233":0.004957366589903764,"234":0.010647231221439932,"235":0.004891553738359074,"236":0.012496797222232672,"237":0.0034197322109516632,"238":0.011353279884636264,"239":0.008975202225762051,"240":0.01167215848641694,"241":0.008051490238233986,"242":0.011343971170298017,"243":0.008373135093715324,"244":0.018484140671255662,"245":0.01351326866050096,"246":0.0028752728195778642,"247":0.010699772214817741,"248":0.00955391352618817,"249":0.01074638279559562,"250":0.0167745095108751,"251":0.009522012243744058,"252":0.012268471234419293,"253":0.01151765099651069,"254":0.0035123569769073895,"255":0.0021669733595394117}