{"0":6.267493376829411E-7,"1":0.1208182937317661,"2":0.1140529819960878,"3":0.11428671677959622,"4":0.17409453587590665,"5":0.09553815471398162,"6":0.16046078511336978,"7":0.17614253817248288,"8":0.19462897762082332,"9":0.12408891472183779,"10":0.02709548173805484,"11":0.07195648080861816,"12":0.24192089026369576,"13":0.09747491121174087,"14":0.08621613802833897,"15":0.10809089315991166,"16":0.1280469802646772,"17":0.0938121381039052,"18":0.1383860501019449,"19":0.11742943915480968,"20":0.002486627867697783,"21":0.11357154215081498,"22":0.10038856039638726,"23":0.08534097605555048,"24":0.1742859830637044,"25":0.14940820729672474,"26":0.0765003609763704,"27":0.07544556466526238,"28":0.14893947573786484,"29":0.07078632021939053,"30":0.07670843600759447,"31":0.07202352236766461,"32":5.629245891736459E-7,"33":0.11928087537137627,"34":0.1636723006534916,"35":0.10410936626074799,"36":0.13090246476243814,"37":0.09301644918599161,"38":0.10899534712499552,"39":0.11389964938120857,"40":0.011081711933601635,"41":0.04078260303503981,"42":0.06930490816936327,"43":0.06925832953225868,"44":0.0895651847655099,"45":0.13540298503822132,"46":0.10289183863003568,"47":0.01014696928903285,"48":0.001735641147722178,"49":0.08154246750230916,"50":0.0595318588176577,"51":0.03307170304796895,"52":0.049252986177758924,"53":0.04567164644868837,"54":0.03779101503163526,"55":0.054284086164042615,"56":0.04661506848816348,"57":0.04882755267248809,"58":0.0626522652400023,"59":0.05430512391919149,"60":0.052851657771610945,"61":0.0640286155963216,"62":0.042136295321427056,"63":0.06659869591774426,"64":0.03407939550563181,"65":0.057595791274586396,"66":0.07095327891949482,"67":0.0630433114354822,"68":0.06427765701899023,"69":0.06986667432553306,"70":0.03300343222234161,"71":0.07851168242931708,"72":0.12117719240237564,"73":0.0817014392888719,"74":0.06477555985464545,"75":0.06618779584527486,"76":0.06635221476938773,"77":0.10045421703628706,"78":0.047392001651228595,"79":0.05715393264821151,"80":0.10730613228599943,"81":0.05132628024101305,"82":0.08433528758058755,"83":0.06224553900142294,"84":0.06785811187790243,"85":0.034691350968046715,"86":0.08060472269877651,"87":0.051903650022716734,"88":0.058648014278026135,"89":0.043460069521981746,"90":0.04698918705338577,"91":0.05717124018348278,"92":0.08423941406428441,"93":0.0375778445528707,"94":0.06471329481540837,"95":0.06107912831155677,"96":0.06986026343315106,"97":0.012241131548149877,"98":0.05082111504213518,"99":0.04798361474288659,"100":0.03239943198430289,"101":0.005140220220675468,"102":0.0675266618584827,"103":0.06983294442846448,"104":0.07175738623849585,"105":0.0563587013097862,"106":0.04903781159372482,"107":0.05223096905794169,"108":0.03556991004364147,"109":0.049347268389745826,"110":0.027795358927895933,"111":0.010373705933780576,"112":0.08550016973986199,"113":0.03279475504475425,"114":0.04302965222983025,"115":0.0605564011310689,"116":0.018064444977514107,"117":0.02555089052809805,"118":0.0853427339395857,"119":0.08421419864645921,"120":0.06044906931713549,"121":0.03381422188298777,"122":0.07409487884628387,"123":0.0477408408304519,"124":0.056303458874950404,"125":0.03494004293885699,"126":0.08809619965654955,"127":0.07148791496195953,"128":0.02165257787400475,"129":0.0815477433456877,"130":0.07623189997901701,"131":0.07658180483846809,"132":0.05206146182628212,"133":0.050185209048679146,"134":0.05477916067727113,"135":0.052076918747567744,"136":0.048715426556750256,"137":0.04190708039282002,"138":0.02922949691218148,"139":0.05669277202013535,"140":0.07245009877454793,"141":0.06523336947910928,"142":0.051580691439177165,"143":0.06068698057684801,"144":0.05100726582684367,"145":0.07095614286594933,"146":0.07085182630398026,"147":0.06371919010894106,"148":0.056374294174858224,"149":0.05822917654172404,"150":0.07663468859908694,"151":0.02807343493235244,"152":0.03989778034993268,"153":0.04897070600896588,"154":0.0812794281155655,"155":0.052954552558472937,"156":0.044050157651553026,"157":0.05476274907782997,"158":0.02976192752725505,"159":0.052104174742557297,"160":0.0537545106748598,"161":0.03349306389099967,"162":0.012917662430836646,"163":0.020729669444188758,"164":0.03346407841634129,"165":0.023148387225845092,"166":0.07075160746890888,"167":0.04654470977567756,"168":0.02967132784338748,"169":0.05541428820370135,"170":0.02550089991426703,"171":0.051330019088176276,"172":0.05314956671026433,"173":0.06410267760741603,"174":0.038732411330280436,"175":0.05439898192337988,"176":0.04615308203361945,"177":0.05249163391832549,"178":0.026908363698090406,"179":0.030910636425951345,"180":0.0601667140108368,"181":0.03941866299504705,"182":0.03167367167700194,"183":0.04584411181766649,"184":0.05034016681148684,"185":0.0377329344821654,"186":0.03164850544077892,"187":0.026077429630943713,"188":0.04506136019449596,"189":0.04693489101909556,"190":0.017383970332415736,"191":0.018405662264171258,"192":0.07481746454032186,"193":0.044458023352872876,"194":0.0521770053792537,"195":0.04340996353856933,"196":0.053458418500082594,"197":0.04884243934912221,"198":0.04800692036933201,"199":0.0478435088907888,"200":0.04834275937631949,"201":0.06093057032775192,"202":0.03266458592264932,"203":0.03650219163284132,"204":0.03576965881210943,"205":0.04706381602706245,"206":0.030863036547089363,"207":0.041474979542674824,"208":0.025582273665403214,"209":0.043648130193172215,"210":0.03316554877965617,"211":0.04836493925277265,"212":0.02313823091113484,"213":0.04874914343294707,"214":0.06573069621220215,"215":0.04818805720503049,"216":0.04359694230652827,"217":0.02661050286713503,"218":0.0435606208950867,"219":0.0477686219098189,"220":0.054235167443180465,"221":0.04159007714614521,"222":0.03387744721908247,"223":0.021750826981445596,"224":0.046494484993520956,"225":0.03810251576106903,"226":0.04417634161125051,"227":0.048953584128424925,"228":0.043026696290022724,"229":0.032220466452519074,"230":0.04290433312696578,"231":0.04723678135154994,"232":0.027922070957066805,"233":0.028877772064933714,"234":0.03426697932144591,"235":0.03611174934363534,"236":0.0414668575345831,"237":0.0543174251943796,"238":0.01872408922203516,"239":0.031555912001063356,"240":0.04361536947957123,"241":0.058597605925384794,"242":0.01753945273031382,"243":0.031404911913884594,"244":0.045185724074709215,"245":0.03804009784508566,"246":0.04585515397115807,"247":0.019911136373133347,"248":0.032977184396035426,"249":0.07584498754662093,"250":0.017540625858493464,"251":0.028092655660175637,"252":0.03024411790079327,"253":0.026521158835618463,"254":0.025142155051378925,"255":0.0418832389155263}