{"0":0.45033649576615437,"1":0.06740351564832792,"2":0.04135448361811933,"3":0.03547643793492547,"4":0.0318749996381243,"5":0.0418599029454459,"6":0.03829202673018775,"7":0.04929197744016159,"8":0.044769121142528456,"9":0.06581057901487603,"10":0.06215740034372528,"11":0.02852003546015353,"12":0.1076130656273502,"13":0.04889022774795405,"14":0.026905397442595916,"15":0.026637689197130558,"16":0.033106051333435596,"17":0.044661205303553664,"18":0.032790987950335866,"19":0.03038383587915159,"20":0.029105419682310504,"21":0.03167634307222969,"22":0.03085372875053315,"23":0.02388481431872584,"24":0.038682944393599705,"25":0.03220740982056924,"26":0.024298884199560316,"27":0.022067015038142804,"28":0.02245552101221857,"29":0.02327821055384424,"30":0.02331317706198999,"31":0.023688897354661363,"32":0.15387517377336732,"33":0.03061491959873254,"34":0.09861310917315597,"35":0.0255932193598329,"36":0.025313600842423203,"37":0.022138790172460673,"38":0.025700009025579014,"39":0.06120654870434862,"40":0.0588695480471196,"41":0.06070964710390795,"42":0.031141914843918834,"43":0.02788387204395237,"44":0.036197544750406985,"45":0.026373498892043105,"46":0.07625540931074855,"47":0.06331103257190872,"48":0.033704889052939786,"49":0.030928695109308256,"50":0.03464567615091079,"51":0.033107576298457495,"52":0.029412287739512565,"53":0.0281891750434706,"54":0.04790633776032302,"55":0.0246193276137972,"56":0.031297345415410426,"57":0.027967450742272172,"58":0.049942475586472225,"59":0.05343925381958557,"60":0.06397020845242335,"61":0.06632598357960907,"62":0.07529054243379243,"63":0.0930686174660702,"64":0.09930843308454537,"65":0.09831818512180415,"66":0.0873804637157854,"67":0.08968246003268394,"68":0.06337684626446322,"69":0.031949518501458246,"70":0.06359398917870684,"71":0.07600525432504718,"72":0.034191454937161435,"73":0.027305995116844,"74":0.04563335840183957,"75":0.022600013602708673,"76":0.030856874568203744,"77":0.026207575007562208,"78":0.027919167522046717,"79":0.023234443598160147,"80":0.032713382003933686,"81":0.02478641998485611,"82":0.031200505503198465,"83":0.030642058722193215,"84":0.031359251820846853,"85":0.06521350109169503,"86":0.02715156244861711,"87":0.02568721710883012,"88":0.04126525889359674,"89":0.026089933333935073,"90":0.026509779715865663,"91":0.025897797960206043,"92":0.045415972713343584,"93":0.02420699116258454,"94":0.03650072037382827,"95":0.04594883944715108,"96":0.03103053135549493,"97":0.09175958504213874,"98":0.037343305104945185,"99":0.0880657157827311,"100":0.07650588509218591,"101":0.13560520717340144,"102":0.057140831260791156,"103":0.04512534892555292,"104":0.049603297903831896,"105":0.10852320210287655,"106":0.03018261758313865,"107":0.026053085800465725,"108":0.08266445399156724,"109":0.049977817245411595,"110":0.08666023653424133,"111":0.07696320681867241,"112":0.05436711941621478,"113":0.023666651103720897,"114":0.09207259746665901,"115":0.06719574467343174,"116":0.11803892529283767,"117":0.053906975585867774,"118":0.03797084950358083,"119":0.05683432897629735,"120":0.030773211829834543,"121":0.029709098463364725,"122":0.02960689425131489,"123":0.02816463971373522,"124":0.03710745666937157,"125":0.030654505362364675,"126":0.019492528331286688,"127":0.03032888676095378,"128":0.0654215728523435,"129":0.02481929803588814,"130":0.023745700647118128,"131":0.026022044767977377,"132":0.023744211331865116,"133":0.024944779100953756,"134":0.0240296943660706,"135":0.0330941022244602,"136":0.0260897991697788,"137":0.02274297406673919,"138":0.024686769605683202,"139":0.021946535820856556,"140":0.03803590195578666,"141":0.022727833099449014,"142":0.025219089411742536,"143":0.023499442061188782,"144":0.027620506373989984,"145":0.025537574287235163,"146":0.02834005216217108,"147":0.023957162177096605,"148":0.024792870453636984,"149":0.022462929130208587,"150":0.02287600840723147,"151":0.02113458020977285,"152":0.022649815228913087,"153":0.02526211636636966,"154":0.027944602071112757,"155":0.0208281059901091,"156":0.0213449321224869,"157":0.02204905048444302,"158":0.022285758396383592,"159":0.02230032453063987,"160":0.024291450761322258,"161":0.023120503532454886,"162":0.023743627736543718,"163":0.03198146832792599,"164":0.021861526491318443,"165":0.021907669858809063,"166":0.027009246185751366,"167":0.023817063864500713,"168":0.02601853034642386,"169":0.035197708833375856,"170":0.030981039959849008,"171":0.0219298410389826,"172":0.02925454942756009,"173":0.022423777174242914,"174":0.020945521345128552,"175":0.02310424697711499,"176":0.024427313232548434,"177":0.023485567655587805,"178":0.024098978855957392,"179":0.02378939898097732,"180":0.02674605891776683,"181":0.03909862597222595,"182":0.0291287741102319,"183":0.02480086925392796,"184":0.02707710481327396,"185":0.042344058546230995,"186":0.028239065070691544,"187":0.03390053028727324,"188":0.04843430119064326,"189":0.052169030264576643,"190":0.05663538563917589,"191":0.09312752566674848,"192":0.09059974500490985,"193":0.07235138153965975,"194":0.08478609605304893,"195":0.07874973934974794,"196":0.06336247248202306,"197":0.02670889229119891,"198":0.044029819897688685,"199":0.07178395598796301,"200":0.03415324858677098,"201":0.025474078118426252,"202":0.03567771099666356,"203":0.02294396203668649,"204":0.02644839841272386,"205":0.028830965993422015,"206":0.030819339535863462,"207":0.02954870090155083,"208":0.04982812236972775,"209":0.02408729548370995,"210":0.030855720109762955,"211":0.029256140606783155,"212":0.026715434197028,"213":0.024044261041616506,"214":0.03625678367933752,"215":0.031066473325931064,"216":0.02385707953062298,"217":0.020200398374745784,"218":0.02333846701834562,"219":0.020524206283431292,"220":0.02389356050103647,"221":0.022168796001067775,"222":0.020883822580286492,"223":0.021479947640026687,"224":0.026347474243698973,"225":0.02416769079389998,"226":0.021825354581368143,"227":0.03598235122256457,"228":0.02167440079625153,"229":0.019939603733482393,"230":0.022938635355279225,"231":0.020385581785252207,"232":0.024219922043055807,"233":0.022875213239150025,"234":0.021020547628727987,"235":0.029979961516253255,"236":0.01982295609366594,"237":0.018784061071489,"238":0.020830242562693616,"239":0.039536152828473566,"240":0.025341011652236296,"241":0.025214654705193396,"242":0.021290159406189824,"243":0.02012890510021049,"244":0.0203172093374424,"245":0.0226384563999964,"246":0.022643547942797274,"247":0.02187478686958458,"248":0.022354750784414526,"249":0.019912256784627706,"250":0.03492127015211032,"251":0.020615489777987852,"252":0.01976086644046332,"253":0.022123450933395815,"254":0.06627232643482552,"255":0.14308314134081423}