{"0":0.003876504268719953,"1":0.06517151745468006,"2":0.11901017966246927,"3":0.14509369601330427,"4":0.15926790660505905,"5":0.12431507303789281,"6":0.13116785989615456,"7":0.09499892121671787,"8":0.1161597818649013,"9":0.062111040710735615,"10":0.06472498750718828,"11":0.17030357078697325,"12":0.029976753017473438,"13":0.09429807599168313,"14":0.17247941407035786,"15":0.17766088873826183,"16":0.14911061501479278,"17":0.10704825779106597,"18":0.15406096646810605,"19":0.15896840920745522,"20":0.1621759291061824,"21":0.1534624038199931,"22":0.15290770231787373,"23":0.1861038330702413,"24":0.12608478878798487,"25":0.14825395380796655,"26":0.18315523699594952,"27":0.18758222027724836,"28":0.18768535639123848,"29":0.18218910517646283,"30":0.1831080168300313,"31":0.18223642873002005,"32":0.02557708214674074,"33":0.1484614569011828,"34":0.03601647417900559,"35":0.17138767939167665,"36":0.18175685400692143,"37":0.18818487096896389,"38":0.176727519708022,"39":0.06812243450453823,"40":0.06688096276412359,"41":0.06310231055099098,"42":0.14283862452590268,"43":0.16862091010447064,"44":0.13590440974811707,"45":0.1796724313488139,"46":0.05283551610871173,"47":0.06996327453474628,"48":0.15300013526109074,"49":0.16363936324728579,"50":0.14819244159338466,"51":0.15044367000410408,"52":0.16460568460131375,"53":0.16669660448274606,"54":0.10198967084617148,"55":0.18266610770619454,"56":0.15448320636675367,"57":0.16653047627405412,"58":0.09726198286602064,"59":0.07600482165388386,"60":0.05651743729131453,"61":0.0502787308263417,"62":0.04093291118890661,"63":0.028185162092465636,"64":0.02166074203692687,"65":0.020313035662953113,"66":0.03955767388308248,"67":0.03642954327218362,"68":0.06855290442888336,"69":0.1527919481252755,"70":0.05823261803043475,"71":0.046518765371414285,"72":0.13961043050297828,"73":0.1770192599039796,"74":0.10124062707518018,"75":0.192673484328335,"76":0.1693333815334743,"77":0.18198059406879563,"78":0.17688531517702932,"79":0.19632047332974556,"80":0.16047548207603443,"81":0.19103260550798556,"82":0.17180947426703255,"83":0.17183691994740075,"84":0.1727867594249036,"85":0.06407783625024878,"86":0.18188908817811222,"87":0.18243871906167983,"88":0.1276680029398283,"89":0.19081250746975828,"90":0.19017382826160714,"91":0.18741975898784974,"92":0.10488354041353297,"93":0.19366136205663273,"94":0.1405980379550832,"95":0.1279609240698437,"96":0.17413228136095238,"97":0.04490646023453473,"98":0.13924672290963608,"99":0.04654091533396682,"100":0.04656685734233941,"101":0.025327555369595717,"102":0.08020789083929887,"103":0.11643094817903935,"104":0.09733770530043322,"105":0.035389058771186,"106":0.17047138219604366,"107":0.18220688733583115,"108":0.05468276730406692,"109":0.09529638579353576,"110":0.06299701153396164,"111":0.06285542751765288,"112":0.08254350104065787,"113":0.18372586805565033,"114":0.04805331851624852,"115":0.07280652617550093,"116":0.03032575639518029,"117":0.07824863988914149,"118":0.125461617204096,"119":0.08096918312074347,"120":0.15948406584417446,"121":0.1570582006390722,"122":0.15718704333520636,"123":0.15973768316456732,"124":0.1299859959413645,"125":0.14511828527471135,"126":0.1946677695265241,"127":0.15157336431971824,"128":0.07478001272042792,"129":0.16387087740673123,"130":0.17689620462075262,"131":0.16024014155985,"132":0.1734323613231251,"133":0.1756304429784939,"134":0.17374968557258447,"135":0.13909891397979912,"136":0.17150265011274293,"137":0.1809481589539318,"138":0.1698287094468276,"139":0.17973263869371975,"140":0.12415937696926983,"141":0.181496297527834,"142":0.1701803451303425,"143":0.1727193217620491,"144":0.15630972970759124,"145":0.16279926960338012,"146":0.15302390435540725,"147":0.1698310577948234,"148":0.16858748868696957,"149":0.18130087267508266,"150":0.18203912048881826,"151":0.1916877140841141,"152":0.18009504143924773,"153":0.1685580857829194,"154":0.15346989027416189,"155":0.18918364570786192,"156":0.18810604260406108,"157":0.1826380264113408,"158":0.18336038262929966,"159":0.18711224504236726,"160":0.17785194159109133,"161":0.18155193993890684,"162":0.1797018039626037,"163":0.15048975566529432,"164":0.18794823009413214,"165":0.1829475229581364,"166":0.1613273432487268,"167":0.18361924235085433,"168":0.1704669036041323,"169":0.13128771171195408,"170":0.15304155103865388,"171":0.19345427071727617,"172":0.15560188517298504,"173":0.18083069321870776,"174":0.19214264239070877,"175":0.1832123984709582,"176":0.186850496307586,"177":0.1869875997710088,"178":0.18003230246150156,"179":0.18586868020504083,"180":0.17273976902250607,"181":0.12469953536569359,"182":0.1673553916982683,"183":0.17828681204766064,"184":0.17292672607146034,"185":0.12212582835808591,"186":0.16436385032617531,"187":0.14224294320500563,"188":0.10173425033601549,"189":0.08507157253842719,"190":0.07368555279913327,"191":0.025855916503857542,"192":0.03721410295587298,"193":0.05293844290889223,"194":0.03221407092844094,"195":0.04798709598033425,"196":0.06763415415054473,"197":0.1617188792943599,"198":0.09989420923603086,"199":0.05609998218938345,"200":0.13420822346555136,"201":0.17205533636290637,"202":0.12510312855969435,"203":0.18276370952127888,"204":0.1714043317756377,"205":0.15317010232826328,"206":0.14902887043080368,"207":0.1465822749396247,"208":0.10180466522577981,"209":0.1770361366675372,"210":0.15243064971806944,"211":0.1551654371165021,"212":0.1655477743954191,"213":0.1807656564171321,"214":0.12935956472111138,"215":0.14865797311680373,"216":0.1733316466128535,"217":0.19112609437588637,"218":0.17773235719488267,"219":0.1880577949910714,"220":0.17574093067821708,"221":0.18723207800794794,"222":0.18593237138139482,"223":0.18872686704354644,"224":0.1661495136826082,"225":0.1816436744451392,"226":0.18772078415767388,"227":0.1300517433571591,"228":0.18414334646412767,"229":0.18746065594686173,"230":0.18313562435355155,"231":0.19171036542519038,"232":0.17841602714941707,"233":0.17846924458379765,"234":0.1815474393808508,"235":0.15534287610909578,"236":0.1935171398745823,"237":0.1946237608925196,"238":0.18328516912873757,"239":0.11661517219670736,"240":0.165433986567975,"241":0.17543930682225342,"242":0.18104835489654159,"243":0.19326341429727192,"244":0.18737508148249232,"245":0.1772244560597517,"246":0.17439482955198632,"247":0.18588177178494908,"248":0.1816877700972439,"249":0.18990928218107422,"250":0.1377526263539073,"251":0.19098794368584626,"252":0.1903188331733546,"253":0.18291826128204997,"254":0.0676596304609237,"255":0.01027703928127787}